Workbook

Sheet Weekly Schedule
A1: Week # | B1: Month | C1: Phase | D1: Topic | E1: This Week's Focus | F1: Est. Hours | G1: Priority | H1: Mandatory Deliverable This Week | I1: Free Resource | J1: Do/Don't Flag
A2: 1 | B2: Month 1 | C2: Phase 1 - Foundations | D2: Linux | E2: Filesystem & navigation, permissions & ownership, users & groups | F2: 11 | G2: High | H2: - | I2: Linux Journey (linuxjourney.com) | J2: Type every command yourself, don't just read
A3: 2 | B3: Month 1 | C3: Phase 1 - Foundations | D3: Linux | E3: Process management, systemd, package management | F3: 11 | G3: High | H3: log-monitor.sh, disk-alert.sh written & tested | I3: freeCodeCamp Linux Full Course (YouTube) | J3: Don't chase every ps/top flag - common ones only
A4: 3 | B4: Month 1 | C4: Phase 1 - Foundations | D4: Linux | E4: Text processing (grep/awk/sed), shell scripting basics | F4: 11 | G4: High | H4: user-setup.sh, service-health.sh written & tested | I4: The Linux Command Line book (linuxcommand.org/tlcl.php) | J4: Write scripts from blank file, no copy-paste
A5: 4 | B5: Month 1 | C5: Phase 1 - Foundations | D5: Linux | E5: Storage/disk, networking basics, SSH, shell scripting advanced | F5: 11 | G5: High | H5: backup.sh done; all 5 scripts pushed to GitHub | I5: OverTheWire: Bandit (overthewire.org/wargames/bandit) | J5: Self-test the 'Done when' checklist cold before moving on
A6: 5 | B6: Month 1 | C6: Phase 1 - Foundations | D6: Buffer/Revision | E6: Cold-test Linux checklist from memory; write field notes; catch up if behind | F6: 7 | G6: Buffer | H6: - | I6: Revisit your own notes/scripts from weeks 1-4 | J6: Lighter week by design - don't skip this rhythm
A7: 6 | B7: Month 2 | C7: Phase 1 - Foundations | D7: Networking | E7: OSI/TCP-IP model, IP addressing & subnetting | F7: 10 | G7: High | H7: - | I7: Practical Networking (YouTube) | J7: Practice subnetting on paper until automatic
A8: 7 | B8: Month 2 | C8: Phase 1 - Foundations | D8: Networking | E8: DNS, TCP/UDP, HTTP/HTTPS, load balancing, firewalls, reverse proxy, VPN concept | F8: 11 | G8: Medium | H8: Draft of 'browser to GitHub' flow document | I8: Julia Evans' networking zines (wizardzines.com) | J8: Skim IPv6 and VPN internals - concept level is enough
A9: 8 | B9: Month 2 | C9: Phase 1 - Foundations | D9: Git | E9: Core concepts, daily operations, branching & merging | F9: 10 | G9: High | H9: - | I9: Pro Git Book (git-scm.com/book) | J9: Don't over-focus on rare commands like filter-branch
A10: 9 | B10: Month 2 | C10: Phase 1 - Foundations | D10: Git | E10: Undoing things, remote workflows, tags, GitHub-specific | F10: 10 | G10: High | H10: Practiced wrong-branch fix + accidental-secret-commit fix; flow doc finalized | I10: Visualizing Git (gitschool.github.io/visualizing-git) | J10: Give every repo clean history from this point on
A11: 10 | B11: Month 3 | C11: Phase 1 - Foundations | D11: Docker | E11: Core concepts, image layers/caching, writing Dockerfiles | F11: 11 | G11: High | H11: - | I11: Docker official 'Get Started' docs | J11: Build a multi-stage Dockerfile from scratch yourself, don't template-copy
A12: 11 | B12: Month 3 | C12: Phase 1 - Foundations | D12: Docker | E12: Container ops, networking, volumes | F12: 11 | G12: High | H12: FastAPI service containerized (non-root, <100MB, clean Trivy scan) | I12: Play with Docker (labs.play-with-docker.com) | J12: Never run as root 'to get it working'
A13: 12 | B13: Month 3 | C13: Phase 1 - Foundations | D13: Docker | E13: Docker Compose, security basics (Trivy) | F13: 11 | G13: High | H13: Node/React frontend containerized via nginx (<30MB) | I13: Trivy (github.com/aquasecurity/trivy) + Dive (github.com/wagoodman/dive) | J13: Run trivy yourself, fix findings, don't just read about it
... A61: 60 | B61: Month 14 | C61: Phase 4 - Job-Ready Sprint | D61: Portfolio & Job Prep | E61: Final polish, active interviewing, follow-ups | F61: 9 | G61: High | H61: - | I61: - | J61: -

Sheet Summary by Topic
A1: Topic | B1: Total Weeks | C1: Total Est. Hours | D1: Priority Level | E1: Mandatory Deliverable(s)
A2: Linux | B2: =COUNTIF('Weekly Schedule'!D:D,A2) -> 4 | C2: =SUMIF('Weekly Schedule'!D:D,A2,'Weekly Schedule'!F:F) -> 44 | D2: High (but time-boxed - don't over-invest) | E2: 5 bash scripts on GitHub
A3: Buffer/Revision | B3: =COUNTIF('Weekly Schedule'!D:D,A3) -> 7 | C3: =SUMIF('Weekly Schedule'!D:D,A3,'Weekly Schedule'!F:F) -> 55 | D3: Structural - protects the whole schedule | E3: Revision + catch-up (no new deliverable)
A4: Networking | B4: =COUNTIF('Weekly Schedule'!D:D,A4) -> 2 | C4: =SUMIF('Weekly Schedule'!D:D,A4,'Weekly Schedule'!F:F) -> 21 | D4: High core / Medium-Skim on IPv6, VPN internals | E4: Browser-to-GitHub flow document with diagram
A5: Git | B5: =COUNTIF('Weekly Schedule'!D:D,A5) -> 2 | C5: =SUMIF('Weekly Schedule'!D:D,A5,'Weekly Schedule'!F:F) -> 20 | D5: High | E5: Clean history + recovered wrong-branch/secret-commit mistakes
A6: Docker | B6: =COUNTIF('Weekly Schedule'!D:D,A6) -> 4 | C6: =SUMIF('Weekly Schedule'!D:D,A6,'Weekly Schedule'!F:F) -> 44 | D6: High | E6: 3 containerized apps + full Compose stack
A7: Kubernetes | B7: =COUNTIF('Weekly Schedule'!D:D,A7) -> 7 | C7: =SUMIF('Weekly Schedule'!D:D,A7,'Weekly Schedule'!F:F) -> 77 | D7: High - heaviest single topic | E7: Full K8s deployment + Helm chart + 3 debugged failures
A8: Python | B8: =COUNTIF('Weekly Schedule'!D:D,A8) -> 4 | C8: =SUMIF('Weekly Schedule'!D:D,A8,'Weekly Schedule'!F:F) -> 42 | D8: High | E8: 3 infra automation tools with tests
A9: CI/CD & GitOps | B9: =COUNTIF('Weekly Schedule'!D:D,A9) -> 4 | C9: =SUMIF('Weekly Schedule'!D:D,A9,'Weekly Schedule'!F:F) -> 43 | D9: High - portfolio centerpiece | E9: Full CI/CD pipeline with ArgoCD, diagrammed
A10: Terraform | B10: =COUNTIF('Weekly Schedule'!D:D,A10) -> 4 | C10: =SUMIF('Weekly Schedule'!D:D,A10,'Weekly Schedule'!F:F) -> 41 | D10: High core / Medium on registry modules | E10: VPC+compute module, remote state, tfsec clean, in CI
A11: AWS Core | B11: =COUNTIF('Weekly Schedule'!D:D,A11) -> 2 | C11: =SUMIF('Weekly Schedule'!D:D,A11,'Weekly Schedule'!F:F) -> 20 | D11: Medium-High - only the listed services, not 'all of AWS' | E11: VPC+EC2+S3 backend via Terraform
A12: Monitoring & Observability | B12: =COUNTIF('Weekly Schedule'!D:D,A12) -> 2 | C12: =SUMIF('Weekly Schedule'!D:D,A12,'Weekly Schedule'!F:F) -> 23 | D12: High | E12: Full Prometheus+Grafana+Loki stack
A13: MLOps | B13: =COUNTIF('Weekly Schedule'!D:D,A13) -> 7 | C13: =SUMIF('Weekly Schedule'!D:D,A13,'Weekly Schedule'!F:F) -> 77 | D13: Highest - never compress this phase | E13: End-to-end MLOps flagship pipeline
... A15: Portfolio & Job Prep | B15: =COUNTIF('Weekly Schedule'!D:D,A15) -> 7 | C15: =SUMIF('Weekly Schedule'!D:D,A15,'Weekly Schedule'!F:F) -> 68 | D15: High | E15: Resume, portfolio, active applications
A16: TOTAL | B16: =SUM(B2:B15) -> 60 | C16: =SUM(C2:C15) -> 615

Sheet Paid Course Guidance (Max 2)
A1: When to Buy | B1: Topic | C1: Recommended Course | D1: Instructor | E1: Why This One | F1: Budget Note
A2: Start of Week 15 (Month 4, right before Kubernetes) | B2: Kubernetes | C2: "Kubernetes for the Absolute Beginners – Hands-on" (and/or its CKA-track follow-up if you want more depth) | D2: Mumshad Mannambeth | E2: This is the single most consistently recommended beginner K8s course across multiple independent reviews. It builds understanding progressively instead of just listing commands, so you can read raw K8s docs confidently afterward. Kubernetes is your heaviest, highest-stakes topic (2 full months) - this is the one place a structured paid course earns its price. | F2: Typically $9.99-$14.99 on Udemy sale - wait for a sale, never pay full price
A3: Start of Week 41 (Month 10, right before MLOps) | B3: MLOps | C3: "MLOps Zero to Hero" (or the similarly-scoped "Complete MLOps Bootcamp") | D3: Abhishek Veeramalla | E3: Explicitly positioned as a DevOps-to-MLOps transition course, covering DVC, MLflow, Docker, Kubernetes, SageMaker, and Kubeflow in one coherent narrative - exactly the scattered set of free docs this roadmap otherwise asks you to stitch together yourself. Worth it because MLOps is your flagship differentiator and a single structured walkthrough saves real time versus assembling it from 5 separate free sources. | F3: Typically $9.99-$14.99 on Udemy sale - wait for a sale, never pay full price
A5: Note: Course names/instructors/prices change on Udemy over time and ratings can shift - before buying, spend 5 minutes checking current reviews and the syllabus against this roadmap's checklist for that topic. Stick to a hard cap of 2 paid courses total for this whole 14-month plan - free resources are sufficient for every other topic, and more purchases add cost without adding proportional value at this stage.
